"Section","Label","URL","Level","Parent Path"
"Reports","Affordable","","0",""
"Reports","Affordable Accounting Exception Report","affordable/accountingreport","1","Affordable"
"Reports","Affordable Receivable Report","affordable/reports/receivablereport","1","Affordable"
"Reports","CMPI","","0",""
"Reports","CMPI Statistics Report","reports/cmpistatisticsreport","1","CMPI"
"Reports","CMPI Transaction Count Report","reports/cmpitransactioncountreport","1","CMPI"
"Reports","Collect","","0",""
"Reports","Collect Processor Pre-Sync Report","reports/collectprocessorpresyncreport","1","Collect"
"Reports","Collect Services Return Report","reports/collectServicesReturnReport","1","Collect"
"Reports","Collect Processor Report","reports/collectprocessor","1","Collect"
"Reports","Register","","0",""
"Reports","Register Reports","reports/transactionregisterreport","1","Register"
"Reports","Register Reports (International)","reports/transactionregisterreportint","1","Register"
"Reports","Register Reports","reports/transactionregisterreportnew","1","Register"
"Reports","SQL","","0",""
"Reports","SQL Reports Role Access","sqlreports/roleaccess","1","SQL"
"Reports","SQL Reports","sqlreports/list","1","SQL"
"Reports","WIPS","","0",""
"Reports","WIPS ARU Detail Report","reports/wipsarudetail","1","WIPS"
"Reports","WIPS ARU Header Report","reports/wipsaruheaderreport","1","WIPS"
"Reports","Custom","","0",""
"Reports","Custom Financial Analytics","Customfinancial","1","Custom"
"Reports","Custom Reports","","1","Custom"
"Reports","Financial","","0",""
"Reports","Financial Reports","financialreportsnew","1","Financial"
"Reports","Financial Reports w/ Notes","financialreportsnotes","1","Financial"
"Reports","1099 Task Run Report","i1099/taskreport","0",""
"Reports","PP2 Directory Credit Card Report","reports/pp2DirectoryCCReport","0",""
"Reports","T5 Analytics","armanager/t5analytics","0",""
"Reports","Reports","reports","0",""
"Reports","ACA Auto Apply Report","aca/acaautoapply","0",""
"Reports","Commercial AR Analytics","armanager/commercialanalyticsreport","0",""
"Reports","Daily Recurring Report","reports/dailyrecurringpayments","0",""
"Reports","Dispute Summary Report","reports/disputesummaryreport","0",""
"Reports","EBill Report","aca/ebillreport","0",""
"Reports","Electronic Recipient Statement Report","i1099/erecipientstmtreport","0",""
"Reports","Email Subscription Detail Report","reports/emailsubscriptiondetailreport","0",""
"Reports","Legacy Payment Manager Directory Report","reports/legacypaymentmanagerdirectoryreport","0",""
"Reports","Merchant Account Configuration Report","reports/merchantaccountconfigurationreport","0",""
"Reports","Payments Not Processed Report","reports/paymentsNotProcessed","0",""
"Reports","Recipient Opt In/Opt Out Report","i1099/optinreport","0",""
"Reports","Returned Transaction Report","reports/returnedTransactionReport","0",""
"Reports","Rule Report","receivables/depositinterest/RuleReport","0",""
"Reports","Task Runner Log Report","reports/taskrunnerlogreport","0",""
"Reports","Tenant Disputes Report","reports/tenantdisputesreport","0",""
"Reports","Update 1099 Audit Analytics","i1099/update1099auditanalytics","0",""
"Reports","Velocity Report","reports/velocityreport","0",""
"Reports","AP Analytics","apanalytics","0",""
"Reports","Receivable Analytics","armanager/residentialanalyticsreport","0",""
"Reports","Segment Analytics","segmentanalytics","0",""
"Reports","Weekly Status Report","reports/weeklystatus","0",""
"Reports","YSR Reports","ysrreports","0",""
"Reports","1099 Form Nav Report","/reports/1099-form-nav","0",""
"Reports","Rent Roll","reports/rentroll","0",""
"Reports","Market Rent Schedule","reports/marketrentschedule","0",""
"Reports","Receivable Detail by Charge Code","reports/receivabledetailbychargecode","0",""
"Reports","Rent Roll With Lease Charges","reports/rentrollwithleasecharges","0",""
"Reports","PP2 Directory ACH Report","reports/pp2directoryachreport","0",""
"Reports","Cash Management Deposit Summary Report","reports/cmdepositsummaryreport","0",""
"Reports","Security Deposit Activity","reports/securitydeposit","0",""
"Reports","Performance Receipts Report","reports/performancereceiptsreport","0",""
"Charges","Charge","","0",""
"Charges","Review Charges","charges","1","Charge"
"Charges","Add Charge Batch","charge/batchcharge/0","1","Charge"
"Charges","Create Charge Batch","charge/component?opennewchargebatch=true","1","Charge"
"Charges","Find Charge Batch","charge/component","1","Charge"
"Charges","Review Charge Batch","charge/findchargebatch","1","Charge"
"Charges","Review Charge Display type","charges/reviewdisplaytype","1","Charge"
"Charges","Charge Display type","charges/chargedisplaytype","1","Charge"
"Charges","Charge Codes","chargecode","1","Charge"
"Charges","Add Quick Charge Batch","/tools/createquickcharge","1","Charge"
"Charges","Quick Charges","tools/createquickcharge","1","Charge"
"Charges","Quick Charge Cleanup","armanager/QuickChargeCleanup","1","Charge"
"Charges","Tenant Based Subsidy Charge Code","affordable/tenantbasedsubsidycharge","1","Charge"
"Charges","Pay Interest","payinterest","1","Charge"
"Charges","Late Fees","","0",""
"Charges","Residential Write Off Charge Code Setup","residentialwriteoff/reswriteoffchargecodesetup","1","Late Fees"
"Charges","Late Fees","latefees","1","Late Fees"
"Charges","Post Late Fee","armanager/postlatefee","1","Late Fees"
"Charges","Post Chicago Late Fee","armanager/chicagolatefee","1","Late Fees"
"Charges","Commercial Late Fee","armanager/commpostlatefee","1","Late Fees"
"Charges","Create Late Fee","armanager/commcombinedlatefee","1","Late Fees"
"Charges","Unexclude Late Fee","armanager/unexcludecommcombinedlatefee","1","Late Fees"
"Charges","Deposit Interest","","0",""
"Charges","Deposit Interest Analytics","armanager/dianalytics/dia","1","Deposit Interest"
"Charges","Deposit Interest Batch Register","receivables/depositinterest/BatchRegister","1","Deposit Interest"
"Charges","Deposit Interest Calculation Reversal","receivables/depositinterest/DICalculationReversal","1","Deposit Interest"
"Charges","Deposit Interest Conversion","armanager/depositInterestConversion","1","Deposit Interest"
"Charges","Deposit Interest Distribution","receivables/depositinterest/DIDistributionReport","1","Deposit Interest"
"Charges","Deposit Interest Liability Detail","receivables/depositinterest/DILiabilityDetailReport","1","Deposit Interest"
"Charges","Deposit Interest Liability Detail By Batch","receivables/depositinterest/DILiabilityDetailByBatchReport","1","Deposit Interest"
"Charges","Deposit Interest Liability Summary","receivables/depositinterest/DILiabilitySummaryReport","1","Deposit Interest"
"Charges","Deposit Interest Liability Summary By Batch","receivables/depositinterest/DILiabilitySummaryByBatchReport","1","Deposit Interest"
"Charges","Deposit Interest Paid Summary","receivables/depositinterest/DIPaidSummaryReport","1","Deposit Interest"
"Charges","Distribute Deposit Interest","armanager/distributedepositinterest","1","Deposit Interest"
"Charges","Reverse Deposit Interest Calculation","armanager/reversedepositinterest","1","Deposit Interest"
"Charges","Distribute Interest","armanager/reversechargesopenperiod","1","Deposit Interest"
"Charges","Reverse Deposit Interest Distribution","armanager/dianalytics/ReverseDI","1","Deposit Interest"
"Charges","Post Fixed Charge","charges/distributeinterest","1","Deposit Interest"
"Charges","Rebuild Tenant Deposit Interest","armanager/rebuild","1","Deposit Interest"
"Charges","UnDistributed Deposit Interest","receivables/depositinterest/UndistributedDIReport","1","Deposit Interest"
"Charges","Set Up Interest","armanager/interestsetup","1","Deposit Interest"
"Charges","Deposit Interest Reconciliation Report","receivables/depositinterest/DILiabilityReconciliationReport","1","Deposit Interest"
"Charges","Management Fees","","0",""
"Charges","Add Fee Pool","managementfee/feepool","1","Management Fees"
"Charges","Review Fee Pool","managementfee/reviewfeepool","1","Management Fees"
"Charges","Add Accounts for Multiple Fee Pool","managementfee/multipleloadaccount","1","Management Fees"
"Charges","Management Fee Calculation","managementfee/managementfeecalculation","1","Management Fees"
"Charges","Copy Fee Pool","managementfee/copyfeepool","1","Management Fees"
"Charges","Property Fee Pool","managementfee/feepoolpropertylist","1","Management Fees"
"Charges","Unpost Management Fee Calculation","managementfee/unpostmanagementfee","1","Management Fees"
"Charges","Unposted Management Fee Register Report","managementfee/managementfeereport","1","Management Fees"
"Charges","Reverse","","0",""
"Charges","Reverse Charges","armanager/reversecharges","1","Reverse"
"Charges","Reverse Charges (Closed Period)","armanager/reversechargesclosedperiod","1","Reverse"
"Charges","Reverse Charges (Open Period)","armanager/reversechargesopenperiod","1","Reverse"
"Receipts","Receipts","","0",""
"Receipts","Review Receipts","receipts","1","Receipts"
"Receipts","Find Receipt Batch","receipt/findbatches","1","Receipts"
"Receipts","Review Receipt Batch","receipt/component?findReceiptBatch=true","1","Receipts"
"Receipts","Create Receipt Batch","receipt/batchreceipt?BatchId=0","1","Receipts"
"Receipts","Add Receipt Batch","receipt/component?createNewBatch=true","1","Receipts"
"Receipts","Create Performance Receipts","tools/generateperfrec","1","Receipts"
"Receipts","Add HAP Receipt","affordable/hapreceipt","1","Receipts"
"Receipts","Review HAP Receipt","affordable/reviewaffhapreceipt","1","Receipts"
"Receipts","Review Consolidated Receipt","affordable/reviewaffconsolidatedreceipt","1","Receipts"
"Receipts","Consolidated Receipt","affordable/consolidatedreceipt","1","Receipts"
"Receipts","Review Bank Deposit","bankdeposits","1","Receipts"
"Receipts","Receipt Display type","receipts/receiptdisplaytype","1","Receipts"
"Receipts","Review Receipt Display type","receipts/reviewdisplaytype","1","Receipts"
"Receipts","Quick Receipt","tools/quickreceipt","1","Receipts"
"Receipts","Post Flex Receipts","tools/postflexbatches","1","Receipts"
"Receipts","Payment Portal","tools/toportal","1","Receipts"
"Receipts","Receipt ToolBox","","0",""
"Receipts","Merge Bank Deposits","bankdepositmerge","1","Receipt ToolBox"
"Receipts","Update Receipt Post Month","tools/updatereceiptspostmonth","1","Receipt ToolBox"
"Receipts","Change Cash Receipt To Check Report","reports/cashReceiptToCheckReport","1","Receipt ToolBox"
"Payables","Payables","","0",""
"Payables","Add Payable Batch","glap/payablebatchadd","1","Payables"
"Payables","Add Payable","app.glap.payablebatch.new","1","Payables"
"Payables","Add Vendor","app.vendor.add","1","Payables"
"Payables","Review","","0",""
"Payables","Review Payable","glap/payable","1","Review"
"Payables","Review Payable Batch","glap/payablebatch","1","Review"
"Payables","Review Payable Batch","app.glap.payablebatch","1","Review"
"Payables","Review Vendor/Payee","app.billpay.payee","1","Review"
"Payables","Invoice","","0",""
"Payables","Invoice Dashboard","app.ir.dashboard","1","Invoice"
"Payables","Invoice Workflow Dashboard","workflow/dashboard?objecttype=invoice","1","Invoice"
"Payables","1099 Utility Vendor Directory - Detail","i1099/sqlreport?Report=rs_Vendor_Directory_ActivityDate_Detail.txt","0",""
"Payables","1099 Utility Vendor Directory - Summary","i1099/sqlreport?Report=rs_Vendor_Directory_ActivityDate_Summary.txt","0",""
"Payables","Payables","","0",""
"Payables","Vendor","","0",""
"Payables","Purchase Order Accrual","poaccrual","0",""
"Payables","Update 1099 checkbox on Payable Invoice","i1099/updatepayables","0",""
"Payables","Search Invoice Register","app.ir.search","0",""
"Payables","WIPS","","0",""
"Payables","WIPS Auto Generate","tools/wipsautogenerate","1","WIPS"
"Payables","WIPS Configuration","setup/wipsadministration","1","WIPS"
"Payables","WIPS Directory","reports/wipsdirectoryreport","1","WIPS"
"G/L","Add","","0",""
"G/L","Add Journal Display Type","JE/displaytype/0","1","Add"
"G/L","Add Journal Batch","journalcomponent/jebatch/0","1","Add"
"G/L","Bank","","0",""
"G/L","Bank Accounts","bankaccount","1","Bank"
"G/L","Bank Analytics","bankreports","1","Bank"
"G/L","Bank Reconciliation","","1","Bank"
"G/L","Bank Reconciliation","bankreconciliation/reconciliation","2","Bank > Bank Reconciliation"
"G/L","Bank Reconciliation Upload Report","bankreconciliation/bankmanagerreport","2","Bank > Bank Reconciliation"
"G/L","Bank Reconciliation Upload","bankreconciliation/bankmanager","2","Bank > Bank Reconciliation"
"G/L","Create","","0",""
"G/L","Create Adhoc Journal Batch","icbilling/createadhocbatch","1","Create"
"G/L","Create IAT Journal","iatjournals/list","1","Create"
"G/L","Review","","0",""
"G/L","Review Journal","JE/list","1","Review"
"G/L","Review Journals","journals","1","Review"
"G/L","Review Journal Display Types","JE/reviewdisplaytype","1","Review"
"G/L","Review Journal Batch","basebatch/journallist","1","Review"
"G/L","Review/Edit G/L Budget","glbudget","1","Review"
"G/L","Close","","0",""
"G/L","Close / Open Month","closeperiod","1","Close"
"G/L","Close Property","closeproperty","1","Close"
"G/L","Close Year","closeyear","1","Close"
"G/L","GL","","0",""
"G/L","GL Accounts","glaccounts","1","GL"
"G/L","GL Allocation","glallocate","1","GL"
"G/L","Banks","bank/reviewbank","0",""
"G/L","Journals","","0",""
"G/L","ACA Same Transit and Accounts Bank","aca/acasametransitandaccountsbankreport","0",""
"G/L","Credit Card Reconciliation","tools/reconcilecreditcardbatches","0",""
"G/L","Find Journal Batches","journalcomponent/findjournalbatch","0",""
"G/L","Journal Display Type","je/reviewdisplaytype","0",""
"G/L","Post GL Allocation","glallocatepost","0",""
"G/L","Reconcile Collect Batch","tools/reconcilecollectbatch","0",""
"G/L","Reconciliation Report","reports/paymentProcessorCDR","0",""
"G/L","Distribute Journal","distributeje","0",""
"G/L","G/L","dashboard","0",""
"G/L","GPR Journal","postgprmarketrent","0",""
"G/L","Open / Close Books","closeopenbook","0",""
"G/L","Recurring Journals","recurringjournals","0",""
"G/L","Reverse Journals","reversejournals","0",""
"G/L","Un-Reconcile Bank","bankunreconcile","0",""
"Unmatched Items","ACA","","0",""
"Unmatched Items","ACA Duplicate Transactions","aca/acaduplicatetransactions","1","ACA"
"Unmatched Items","ACA Incorrect Transactions","aca/acaincorrecttransactions","1","ACA"
"Unmatched Items","ACA Setup","aca/setup/","1","ACA"
"Unmatched Items","ACA Summary","aca/dashboard","1","ACA"
"Unmatched Items","ACA Transaction Summary","aca/acatransactionsummaryreport","1","ACA"
"Unmatched Items","ACA Unapplied EFT Setups","aca/acaunappliedeftsetupsreport","1","ACA"
"Unmatched Items","Account","","0",""
"Unmatched Items","Account Tree Validation","accounttreevalidation/list","1","Account"
"Unmatched Items","Account Trees","accounttree","1","Account"
"Unmatched Items","Apply","","0",""
"Unmatched Items","Apply Credits","armanager/applycredits","1","Apply"
"Unmatched Items","Apply Prepayments","applyprepay","1","Apply"
"Unmatched Items","Change","","0",""
"Unmatched Items","Change Due Date","changetransdate/duedate","1","Change"
"Unmatched Items","Change TaxPoint Date","changetransdate/taxpoint","1","Change"
"Unmatched Items","CHECKscan","","0",""
"Unmatched Items","CHECKscan App Download","checkscan/checkscanappdownload","1","CHECKscan"
"Unmatched Items","CHECKscan Dual MICR Checks","checkscan/dualMICRChecks","1","CHECKscan"
"Unmatched Items","CHECKscan Fix Check Numbers","checkscan/checkscanfixcheckno","1","CHECKscan"
"Unmatched Items","CHECKscan Setup","setup/checkscansetup","1","CHECKscan"
"Unmatched Items","CHECKscan Summary","reports/checkscansummary","1","CHECKscan"
"Unmatched Items","Credit","","0",""
"Unmatched Items","Credit Card - Show Reverse Button","reports/creditcardshowreversereport","1","Credit"
"Unmatched Items","Credit Card Configuration","setup/creditcardconfiguration","1","Credit"
"Unmatched Items","Credit Card History Log","reports/creditcardhistorylog","1","Credit"
"Unmatched Items","Credit Card Summary","reports/creditcardsummaryreport","1","Credit"
"Unmatched Items","Custom","","0",""
"Unmatched Items","Custom Financial","customfinancial","1","Custom"
"Unmatched Items","Custom Financial - Notes","customfinancialnotes","1","Custom"
"Unmatched Items","Deactivate","","0",""
"Unmatched Items","Deactivate Recurring Payment Setup","tools/deactivatepaymentmanager","1","Deactivate"
"Unmatched Items","Deactivate WIPS Accounts","tools/deactivatewipsaccounts","1","Deactivate"
"Unmatched Items","EC","","0",""
"Unmatched Items","EC Purchase Audit Non Recoverable JE","taxrecovery/ecpurauditnonrecoverableje","1","EC"
"Unmatched Items","EC Purchase Non Recoverable JE","taxrecovery/ecpurnonrecoverableje","1","EC"
"Unmatched Items","EFT","","0",""
"Unmatched Items","EFT Account Cleanup","setup/eftsetupdelete","1","EFT"
"Unmatched Items","EFT Summary","reports/eftsummaryreport","1","EFT"
"Unmatched Items","Email","","0",""
"Unmatched Items","Email Notification Setup-Global","setup/emailnotificationsetup","1","Email"
"Unmatched Items","Email Subscription","setup/emailsubscriptionsetup","1","Email"
"Unmatched Items","Email Summary","reports/emailDashboard","1","Email"
"Unmatched Items","Monthly","","0",""
"Unmatched Items","Monthly Posting","monthlyposting","1","Monthly"
"Unmatched Items","Monthly Posting","receivables/charges/monthlyposting","1","Monthly"
"Unmatched Items","Payment","","0",""
"Unmatched Items","Payment Manager Directory","reports/paymentmanagerdirectory","1","Payment"
"Unmatched Items","Payment Manager Summary","reports/paymentmanagersummaryreport","1","Payment"
"Unmatched Items","Payment Processing Property Setup","setup/cmpipropertysetup","1","Payment"
"Unmatched Items","Payment Processing","","1","Payment"
"Unmatched Items","Post","","0",""
"Unmatched Items","Post ACA Batches","aca/postacabatches","1","Post"
"Unmatched Items","Post CHECKscan Batches","setup/postcheckscanbatches","1","Post"
"Unmatched Items","Post Credit Card Batches","setup/postcreditcardbatches","1","Post"
"Unmatched Items","Post EFT Batches","setup/posteftbatches","1","Post"
"Unmatched Items","Post Month","taxreport/rep1pm","1","Post"
"Unmatched Items","Post Month","taxreport/rep2pm","1","Post"
"Unmatched Items","Post Month","taxreport/reprpm","1","Post"
"Unmatched Items","Post Month","taxreportundo/rep2","1","Post"
"Unmatched Items","Post Month","taxreportupdate/rep1pm","1","Post"
"Unmatched Items","Post WIPS Batches","tools/postwipsbatches","1","Post"
"Unmatched Items","Post Transfer","posttransfer","1","Post"
"Unmatched Items","Process","","0",""
"Unmatched Items","Process Payments","tools/processpayments","1","Process"
"Unmatched Items","Process Payment","app.glap.processpayment","1","Process"
"Unmatched Items","Quick","","0",""
"Unmatched Items","Quick Overpay Cleanup","armanager/QuickOverpayCleanup","1","Quick"
"Unmatched Items","Quick Trans","armanager/quicktrans","1","Quick"
"Unmatched Items","Resident","","0",""
"Unmatched Items","Resident Payment Event","reports/residentpaymentevent","1","Resident"
"Unmatched Items","Resident Activity Detail","reports/residentactivity","1","Resident"
"Unmatched Items","Resident Directory","reports/residentdirectory","1","Resident"
"Unmatched Items","Residential","","0",""
"Unmatched Items","Residential Write Off","residentialwriteoff","1","Residential"
"Unmatched Items","Residential Write Off Configuration","residentialwriteoff/reswriteoffconfiguration","1","Residential"
"Unmatched Items","Residential Correspondence","reports/residentialcorrespondence","1","Residential"
"Unmatched Items","Review","","0",""
"Unmatched Items","Review Company Merchant Setup","setup/reviewcompanymerchant/","1","Review"
"Unmatched Items","Review Payments","payments","1","Review"
"Unmatched Items","Review Rule","armanager/depositinterestrulelist","1","Review"
"Unmatched Items","Review Payment","app.billpay.check","1","Review"
"Unmatched Items","Tax","","0",""
"Unmatched Items","Tax Point","taxreport/rep1tp","1","Tax"
"Unmatched Items","Tax Point","taxreport/rep2tp","1","Tax"
"Unmatched Items","Tax Point","taxreport/reprtp","1","Tax"
"Unmatched Items","Tax Point","taxreportundo/rep1","1","Tax"
"Unmatched Items","Tax Point","taxreportupdate/rep1tp","1","Tax"
"Unmatched Items","VAT","","0",""
"Unmatched Items","VAT Return Field Sets","vatreturnfieldset","1","VAT"
"Unmatched Items","VAT Return Mapping","vatreturnmapping","1","VAT"
"Unmatched Items","Write","","0",""
"Unmatched Items","Write Off","armanager/writeoffcharges","1","Write"
"Unmatched Items","Write Off","reversewriteoff","1","Write"
"Unmatched Items","Write Off","/armanager/writeoffcharges","1","Write"
"Unmatched Items","Mass","","0",""
"Unmatched Items","Mass Collection Status","collection/masscollectionstatusupdate","1","Mass"
"Unmatched Items","Mass Hold and Risk Update","collection/massholdriskupdate","1","Mass"
"Unmatched Items","$0 1099 Correction for Portal Recipient","/i1099/z1099estmt?Report=1099ZERO","0",""
"Unmatched Items","$0 1099 Printed Copy B Correction","/i1099/z1099?Report=1099ZERO","0",""
"Unmatched Items","1099 Utility Owner Directory - Detail","i1099/sqlreport?Report=rs_1099_Owner_Directory_Detail.txt","0",""
"Unmatched Items","1099 Utility Owner Directory - Summary","i1099/sqlreport?Report=rs_1099_Owner_Directory_Summary.txt","0",""
"Unmatched Items","Home","armanagerdashboard","0",""
"Unmatched Items","Home","acadashboard","0",""
"Unmatched Items","i1099","/i1099/dashboard","0",""
"Unmatched Items","Payers","tenant/list","0",""
"Unmatched Items","Properties","properties/list","0",""
"Unmatched Items","Accounting","","0",""
"Unmatched Items","Accounting","","0",""
"Unmatched Items","Accounting","dashboard","0",""
"Unmatched Items","Attributes","attributesets","0",""
"Unmatched Items","Collections","","0",""
"Unmatched Items","Collections","collectiondashboard/collectiondashboard","0",""
"Unmatched Items","Company","glcompany","0",""
"Unmatched Items","Dashboards","dashboard/dashboardagentleads","0",""
"Unmatched Items","Import","import","0",""
"Unmatched Items","Owners","owners","0",""
"Unmatched Items","Payments","","0",""
"Unmatched Items","Properties","","0",""
"Unmatched Items","Properties","property","0",""
"Unmatched Items","Property","","0",""
"Unmatched Items","Resident","","0",""
"Unmatched Items","Setup","","0",""
"Unmatched Items","System","","0",""
"Unmatched Items","Units","","0",""
"Unmatched Items","Units","unit","0",""
"Unmatched Items","A/R Calendar","reports/calendar","0",""
"Unmatched Items","ABR BAI2 File Import","reports/abrbai2fileimportreport","0",""
"Unmatched Items","Add Rule","armanager/diaddrule/0","0",""
"Unmatched Items","Adjustment Batch","armanager/adjustmentbatch/0","0",""
"Unmatched Items","Affordable Apply Prepay","affordable/affapplyprepay","0",""
"Unmatched Items","Audit Non Recoverable JE","taxrecovery/auditnonrecoverableje","0",""
"Unmatched Items","Auto NSF Reverse Setup","setup/saveautonsfreversegridsetups","0",""
"Unmatched Items","Calculate Billings","icbilling/calculatebillings","0",""
"Unmatched Items","Collect Code Setup","setup/savecollectcodesetups","0",""
"Unmatched Items","Combined Federal/State Code","i1099/combinedfedstatecode","0",""
"Unmatched Items","Edit EFT Batches","tools/editeftbatches","0",""
"Unmatched Items","Elevate Menu Access Log","/reports/elevatemenuaccesslog","0",""
"Unmatched Items","Find Adjustment Batch","armanager/adjustmentbatchsearch","0",""
"Unmatched Items","Full Service Collect Deleted Or Returned Checks","reports/fullServiceDeletedReportCtrl","0",""
"Unmatched Items","GPR Configuration","gprconfiguration","0",""
"Unmatched Items","IC Billing Template","icbilling/reviewicbilling","0",""
"Unmatched Items","Non-Recoverable JE","taxrecovery/nonrecoverableje","0",""
"Unmatched Items","NSF Checks","checkscan/nsfchecks","0",""
"Unmatched Items","Recurring Payment Setup Global","setup/recurringpaymentsetupglobal","0",""
"Unmatched Items","Reset Checkscan Batch","checkscan/resetcheckscanbatches","0",""
"Unmatched Items","Residents With No Anniversary Date","receivables/depositinterest/ResNoAnniversaryDateReport","0",""
"Unmatched Items","Segment Setup","segments","0",""
"Unmatched Items","Workflow Dashboard","workflow","0",""
"Unmatched Items","AP Aging","app.apanalytics.aging","0",""
"Unmatched Items","AR Calendar","reports/paymentscalendar","0",""
"Unmatched Items","Check Book Maintenance","checkbookmaintenance","0",""
"Unmatched Items","Commit Payment","app.glap.commitpayment","0",""
"Unmatched Items","Community Manager","voyagerdashboard/v8dashboard","0",""
"Unmatched Items","End Period","","0",""
"Unmatched Items","Financial Packets","financialpackets","0",""
"Unmatched Items","Gross Potential Rent","reports/grosspotentialrent","0",""
"Unmatched Items","Intercompany Reimbursement","app.glap.intercoreimbursement","0",""
"Unmatched Items","Lease Expiration","reports/leaseexpiration","0",""
"Unmatched Items","Make Adjustment","app.glap.makeadjustment","0",""
"Unmatched Items","Manual Payment","app.glap.manualpayment","0",""
"Unmatched Items","New Leases","reports/newleases","0",""
"Unmatched Items","Payee Ledger","app.apanalytics.payeeledger","0",""
"Unmatched Items","Payments Calendar","reports/paymentscalendar","0",""
"Unmatched Items","Procure to Pay","","0",""
"Unmatched Items","Property Lists","propertylist","0",""
"Unmatched Items","Reclass Expense","app.glap.reclasspayablesearch","0",""
"Unmatched Items","Rewrite Checks","app.glap.printchecks","0",""
"Unmatched Items","Uncommit Payment","app.glap.uncommitpayment","0",""
"Unmatched Items","Unit Types","unittype","0",""
"Unmatched Items","Void Payments","app.glap.voidchecks","0",""
"Unmatched Items","Yardi Marketplace","marketplace","0",""