Functional Area,Role,Role Type,Contact ,Remove?
Accounting & Finance,AP Manager,Global,,
Accounting & Finance,AP Manager (New),Global,,
Accounting & Finance,AP Manager (New) (without PO),Global,,
Accounting & Finance,AP Manager (without PO),Global,,
Accounting & Finance,AR Manager,Global,,
Accounting & Finance,AR Manager - ACA,Global,,
Accounting & Finance,AR Manager - ACA Admin,Global,,
Accounting & Finance,AR Manager - CHECKscan Download,Global,,
Accounting & Finance,AR Manager - International,Global,,
Accounting & Finance,AR Manager - International Admin,Global,,
Accounting & Finance,AR Manager - International CC,Global,,
Accounting & Finance,AR Manager - International CC Admin,Global,,
Accounting & Finance,AR Manager - International Payments,Global,,
Accounting & Finance,AR Manager - Payments,Global,,
Accounting & Finance,AR Manager - Payments Admin,Global,,
Accounting & Finance,AR Manager - SFH Payments Admin,Global,,
Accounting & Finance,Bank Book,Global,,
Accounting & Finance,CHECKscan Download,Global,,
Accounting & Finance,Corom 13 Period Lessee Accounting,Global,,
Accounting & Finance,Corom Finance,Global,,
Accounting & Finance,COROMNet_APAR,Global,,
Accounting & Finance,CorporateTenancy_Finance,Global,,
Accounting & Finance,Fixed Asset Manager,Global,,
Accounting & Finance,Forecast Manager,Global,,
Accounting & Finance,FS IR Only,Global,,
Accounting & Finance,GL Bank Book,Global,,
Accounting & Finance,GL Manager,Global,,
Accounting & Finance,GL Manager 1099,Global,,
Accounting & Finance,Investment Accounting,Global,,
Accounting & Finance,P2P Services - All,Global,y,
Accounting & Finance,P2P-Accounts Payable,Global,y,
Accounting & Finance,Payment Processing,Global,y,
Accounting & Finance,Payment Processing - ACA,Global,y,
Accounting & Finance,Payment Processing - ACA Admin,Global,y,
Accounting & Finance,Payment Processing - Admin,Global,y,
Accounting & Finance,Payment Processing - International,Global,y,
Accounting & Finance,Payment Processing - International Admin,Global,y,
Accounting & Finance,Payment Processing - International CC,Global,y,
Accounting & Finance,Payment Processing - International CC Admin,Global,y,
Accounting & Finance,Payments Processing 6008,Global,y,
Accounting & Finance,Voyager 8 Commercial - Accounting,Global,,
Accounting & Finance,Voyager 8 Military - Accounts Payable,Global,,
Accounting & Finance,Voyager 8 New York - Accounting,Global,,
Accounting & Finance,Voyager 8 New York - Accounts Payable,Global,,
Accounting & Finance,Voyager 8 Residential - Accounting,Global,,
Accounting & Finance,Voyager 8 Residential - Accounts Payable,Global,,
Accounting & Finance,Voyager 8 Single Family - Accounting,Global,,
Accounting & Finance,Voyager 8 Single Family - Accounts Payable,Global,,
Asset & Investment Management,Acquisition Manager,Global,,
Asset & Investment Management,Acquisition Manager - Admin,Global,,
Asset & Investment Management,Acquisition Manager v1,Global,,
Asset & Investment Management,Debt Manager - Borrower,Global,,
Asset & Investment Management,Debt Manager - Borrower A16,Global,,
Asset & Investment Management,Debt Manager - Lender,Global,,
Asset & Investment Management,Debt Manager - Lender A16,Global,,
Asset & Investment Management,Debt Manager v2 - Borrower,Global,,
Asset & Investment Management,Debt Manager v2 - Lender,Global,,
Asset & Investment Management,Investment Manager Net,Global,,
Asset & Investment Management,InvestorPortal_DBSelectionOnly,Global,,
Asset & Investment Management,Owner Portal,Global,,
Asset & Investment Management,Performance Manager,Global,,
Asset & Investment Management,Performance Manager - Admin,Global,,
Asset & Investment Management,Performance Manager - Limited,Global,,
Asset & Investment Management,Performance Manager A16,Global,,
Asset & Investment Management,Performance Manager A16 - Admin,Global,,
Asset & Investment Management,Valuation Manager,Global,,
Construction & Development,CM - Admin,Global,,
Construction & Development,CM - Implementation,Global,,
Construction & Development,CM - Manager,Global,,
Construction & Development,CM 2.0 - Admin,Global,,
Construction & Development,CM 2.0 - Implementation,Global,,
Construction & Development,CM 2.0 - Manager,Global,,
Construction & Development,Construction Manager,Global,,
Construction & Development,Construction Manager 2.0,Global,,
CRM & Marketing,Chat IQ Admin New,Global,,
CRM & Marketing,ChatIQ Admin,Global,,
CRM & Marketing,Contact IQ,Global,,
CRM & Marketing,CRM IQ,Global,,
CRM & Marketing,CRM IQ Int Admin,Global,,
CRM & Marketing,CRM IQ Military - Admin,Global,,
CRM & Marketing,CRM IQ Military - Community Manager,Global,,
CRM & Marketing,CRM IQ Military - Leasing,Global,,
CRM & Marketing,CRM IQ Military - Prospecting,Global,,
CRM & Marketing,CRM IQ New York - Admin,Global,,
CRM & Marketing,CRM IQ New York - Admin V1,Global,,
CRM & Marketing,CRM IQ New York - Community Manager,Global,,
CRM & Marketing,CRM IQ New York - Leasing,Global,,
CRM & Marketing,CRM IQ New York - Prospecting,Global,,
CRM & Marketing,CRM IQ Single Family - Admin,Global,,
CRM & Marketing,CRM IQ Single Family - Community Manager,Global,,
CRM & Marketing,CRM IQ Single Family - Leasing,Global,,
CRM & Marketing,CRM IQ Single Family - Prospecting,Global,,
CRM & Marketing,CRM IQ Specialty,Global,,
CRM & Marketing,Marketing IQ,Global,,
CRM & Marketing,Marketing IQ Genius,Global,,
CRM & Marketing,MarketingIQ - Legacy,Global,,
CRM & Marketing,Senior CRM,Global,,
CRM & Marketing,Senior CRM Admin,Global,,
CRM & Marketing,Voyager 8 CRM IQ - Admin,Global,,
CRM & Marketing,Voyager 8 CRM IQ - Community Manager,Global,,
CRM & Marketing,Voyager 8 CRM IQ - Leasing,Global,,
CRM & Marketing,Voyager 8 CRM IQ - Prospecting,Global,,
CRM & Marketing,Voyager 8 CRRM,Global,,
Data & Analytics,Data Connect,Global,,
Data & Analytics,Pulse BOpt / FDD / MI,Global,,
Data & Analytics,Pulse BOpt / FDD / MI Admin,Global,,
Data & Analytics,Pulse GRESB,Global,,
Data & Analytics,Pulse MI,Global,,
Data & Analytics,Pulse MI / FDD,Global,,
Data & Analytics,Pulse MI / FDD Admin,Global,,
Data & Analytics,Pulse MI Admin,Global,,
Data & Analytics,Pulse Procure to Pay,Global,,
Data & Analytics,Pulse SFH Admin,Global,,
Data & Analytics,Pulse UIP,Global,,
Data & Analytics,Pulse UIP / MI,Global,,
Data & Analytics,Pulse UIP / MI Admin,Global,,
Data & Analytics,Pulse UIP Admin,Global,,
Data & Analytics,Pulse UIP UB,Global,,
Data & Analytics,Pulse UIP UB / MI Admin,Global,,
Data & Analytics,Pulse UIP UB Admin,Global,,
Healthcare & Senior Living,Home Health Caregiver,Global,,
Healthcare & Senior Living,Home Health Case Manager,Global,,
Healthcare & Senior Living,Senior EHR,Global,,
Healthcare & Senior Living,Senior EHR - Admin,Global,,
Healthcare & Senior Living,Senior EHR - Caregiver,Global,,
Healthcare & Senior Living,Senior EHR - Med Tech,Global,,
Healthcare & Senior Living,Senior EHR - Nurse,Global,,
Healthcare & Senior Living,Senior Housing,Global,,
Healthcare & Senior Living,Senior Housing - Admin,Global,,
Healthcare & Senior Living,Senior Housing - International,Global,,
Healthcare & Senior Living,Senior Housing - Setup and Admin,Global,,
Healthcare & Senior Living,Senior IQ,Global,,
Healthcare & Senior Living,Senior IQ Admin,Global,,
Healthcare & Senior Living,Wellness Manager Net,Global,,
Leasing & Property Management,Case Manager,Global,,
Leasing & Property Management,CLM_broker,Global,,
Leasing & Property Management,Condo Board Member,Global,,
Leasing & Property Management,Corom Admin,Global,,
Leasing & Property Management,Corom Admin International,Global,,
Leasing & Property Management,Corom Broker,Global,,
Leasing & Property Management,COROM Demo,Global,,
Leasing & Property Management,Corom Lease Management,Global,,
Leasing & Property Management,Corom Lease Management International,Global,,
Leasing & Property Management,Corom Transaction Admin,Global,,
Leasing & Property Management,Corom Transaction Admin International,Global,,
Leasing & Property Management,COROM_TransUser,Global,,
Leasing & Property Management,CorporateTenancy,Global,,
Leasing & Property Management,corporatetenancy_admin,Global,,
Leasing & Property Management,Corporatetenancy_Lease Admin,Global,,
Leasing & Property Management,CorporateTenancy_Transaction_Intnal,Global,,
Leasing & Property Management,corporatetenancy_yardi,Global,,
Leasing & Property Management,Deal Manager Intl,Global,,
Leasing & Property Management,Deal Manager Intl - Retail,Global,,
Leasing & Property Management,Elevate Multifamily - Admin,Global,,
Leasing & Property Management,Elevate Multifamily - Forecasting,Global,,
Leasing & Property Management,Elevate Multifamily - Forecasting Admin,Global,,
Leasing & Property Management,Elevate Multifamily - PHA,Global,,
Leasing & Property Management,Elevate Multifamily - Property Manager,Global,,
Leasing & Property Management,Elevate Multifamily - Reporting,Global,,
Leasing & Property Management,Elevate Multifamily - Revenue Manager,Global,,
Leasing & Property Management,Elevate Multifamily - Revenue Mgmt Comps,Global,,
Leasing & Property Management,Elevate Multifamily - Revenue Mgmt Reporting,Global,,
Leasing & Property Management,Elevate Multifamily - Revenue Mgmt Surveys,Global,,
Leasing & Property Management,Elevate Multifamily - Sr Manager,Global,,
Leasing & Property Management,Floorplan Manager,Global,,
Leasing & Property Management,Home IQ Net,Global,,
Leasing & Property Management,IoT PM,Global,,
Leasing & Property Management,Lease Manager,Global,,
Leasing & Property Management,Lease Manager - International,Global,,
Leasing & Property Management,Lease Manager - Lease Admin,Global,,
Leasing & Property Management,Lease Manager Admin,Global,,
Leasing & Property Management,LeaseManager - Insurance Read Only,Global,,
Leasing & Property Management,MH Manager,Global,,
Leasing & Property Management,ResManager,Global,,
Leasing & Property Management,Retail Manager,Global,,
Leasing & Property Management,Retail Manager - CML,Global,,
Leasing & Property Management,Site Manager Marketing Sites,Global,,
Leasing & Property Management,Site Manager Online Leasing,Global,,
Leasing & Property Management,Site Manager Resident Services,Global,,
Leasing & Property Management,Site Manager(Beta),Global,,
Leasing & Property Management,Social Housing Manager Global,Global,,
Leasing & Property Management,Voyager 8 Commercial,Global,,
Leasing & Property Management,Voyager 8 Commercial - Admin,Global,,
Leasing & Property Management,Voyager 8 Commercial - International,Global,,
Leasing & Property Management,Voyager 8 Commercial - Lease Admin,Global,,
Leasing & Property Management,Voyager 8 Condo,Global,,
Leasing & Property Management,Voyager 8 Military,Global,,
Leasing & Property Management,Voyager 8 Military - Admin,Global,,
Leasing & Property Management,Voyager 8 Military - Community Manager,Global,,
Leasing & Property Management,Voyager 8 Military - Leasing,Global,,
Leasing & Property Management,Voyager 8 New York,Global,,
Leasing & Property Management,Voyager 8 New York - Community Manager,Global,,
Leasing & Property Management,Voyager 8 New York - Leasing,Global,,
Leasing & Property Management,Voyager 8 Residential,Global,,
Leasing & Property Management,Voyager 8 Residential - Canada,Global,,
Leasing & Property Management,Voyager 8 Residential - Community Manager,Global,,
Leasing & Property Management,Voyager 8 Residential - Leasing,Global,,
Leasing & Property Management,Voyager 8 Single Family,Global,,
Leasing & Property Management,Voyager 8 Single Family - Community Manager,Global,,
Leasing & Property Management,Voyager 8 Single Family - Leasing,Global,,
Leasing & Property Management,Voyager 8 Specialty,Global,,
Leasing & Property Management,Yardi Corporate Elevate - CRE Manager Admin,Global,,
Leasing & Property Management,Yardi Corporate Elevate - CRE Manager User,Global,,
Legal & Compliance,ComplianceAdmin,Global,,
Legal & Compliance,ComplianceAdminPHA,Global,,
Legal & Compliance,ComplianceManager,Global,,
Legal & Compliance,ComplianceManagerPHA,Global,,
Legal & Compliance,Legal IQ,Global,,
Maintenance & Facilities,Facility Manager-Security,Global,,
Maintenance & Facilities,Facility Manager-Security (Net),Global,,
Maintenance & Facilities,FM - Chief,Global,,
Maintenance & Facilities,FM - Chief (Net),Global,,
Maintenance & Facilities,FM - Facility Manager,Global,,
Maintenance & Facilities,FM - Facility Manager (Net),Global,,
Maintenance & Facilities,FM - Facility Manager-Acc,Global,,
Maintenance & Facilities,FM - Facility Manager-Acc (Net),Global,,
Maintenance & Facilities,FM - FMTech,Global,,
Maintenance & Facilities,FM - FMTech (Net),Global,,
Maintenance & Facilities,FM - Inspections,Global,,
Maintenance & Facilities,FM - Inspections (Net),Global,,
Maintenance & Facilities,FM - Operations,Global,,
Maintenance & Facilities,FM - Operations (Net),Global,,
Maintenance & Facilities,FM - Work Orders,Global,,
Maintenance & Facilities,FM - Work Orders (Net),Global,,
Maintenance & Facilities,Inspections IQ PHA,Global,,
Maintenance & Facilities,Maintenance IQ,Global,,
Maintenance & Facilities,Maintenance IQ 2.0,Global,,
Maintenance & Facilities,Maintenance IQ 3.0 _ DO NOT USE,Global,,
Maintenance & Facilities,Maintenance IQ Inspections,Global,,
Maintenance & Facilities,Maintenance IQ Inspections Only 2.0,Global,,
Maintenance & Facilities,Maintenance IQ PHA,Global,,
Maintenance & Facilities,Maintenance IQ Student Housing,Global,,
Maintenance & Facilities,Maintenance IQ User,Global,,
Maintenance & Facilities,Maintenance IQ User 2.0,Global,,
Maintenance & Facilities,Maintenance IQ WO Tech,Global,,
Maintenance & Facilities,Maintenance IQ WO Tech 2.0,Global,,
Maintenance & Facilities,Maintenance Manager,Global,,
Maintenance & Facilities,MIQ 2.0 Admin,Global,,
Maintenance & Facilities,MIQ Advanced Scheduling,Global,,
Maintenance & Facilities,Voyager 8 Military - Maintenance,Global,,
Maintenance & Facilities,Voyager 8 New York - Maintenance,Global,,
Maintenance & Facilities,Voyager 8 Residential - Maintenance,Global,,
Maintenance & Facilities,Voyager 8 Single Family - Maintenance,Global,,
Procurement & Vendor Management,Import Manager - Admin,Global,,
Procurement & Vendor Management,Import Manager - Provider,Global,,
Procurement & Vendor Management,Import Manager - Setup Provider,Global,,
Procurement & Vendor Management,Marketplace,Global,,
Procurement & Vendor Management,Procure to Pay,Global,y,
Procurement & Vendor Management,Procure to Pay - Admin (New),Global,y,
Procurement & Vendor Management,Procure to Pay - All,Global,y,
Procurement & Vendor Management,Procure to Pay - All (New),Global,y,
Procurement & Vendor Management,Procure to Pay - International,Global,y,
Procurement & Vendor Management,Procure to Pay - International (New),Global,y,
Procurement & Vendor Management,Procure to Pay - IR Only,Global,y,
Procurement & Vendor Management,Procure to Pay - PO Only,Global,y,
Procurement & Vendor Management,Procure to Pay - Standard,Global,y,
Procurement & Vendor Management,Procure to Pay - WFDB,Global,y,
Procurement & Vendor Management,Procure to Pay - WFDB (New),Global,y,
Procurement & Vendor Management,Procure to Pay (New),Global,y,
Procurement & Vendor Management,Procure to Pay + Marketplace,Global,y,
Procurement & Vendor Management,Procure to Pay + VendorCafe,Global,y,
Procurement & Vendor Management,Procure to Pay + VendorCafé + Marketplace,Global,y,
Procurement & Vendor Management,Procure to Pay Admin,Global,y,
Procurement & Vendor Management,Procure to Pay v2,Global,y,
Procurement & Vendor Management,Procure to Pay v2 - Admin,Global,y,
Procurement & Vendor Management,Procure to Pay v2 - All,Global,y,
Procurement & Vendor Management,Procure to Pay v2 - International,Global,y,
Procurement & Vendor Management,Procure to Pay v2 - WFDB,Global,y,
Procurement & Vendor Management,Service Contract Manager,Global,,
Procurement & Vendor Management,Service Contract Manager - Admin,Global,,
Procurement & Vendor Management,Service Contract Manager User,Global,,
Procurement & Vendor Management,Service Contract Manager with RFP,Global,,
Procurement & Vendor Management,VendorCafe,Global,,
Procurement & Vendor Management,VendorSign,Global,,
Resident Services & Amenities,Concierge IQ,Global,,
Resident Services & Amenities,Resident Shield Power,Global,,
Resident Services & Amenities,Resident Shield Power Multi-Family,Global,,
Resident Services & Amenities,Rewards By Rentcafe Admin,Global,,
Resident Services & Amenities,Rewards By Rentcafe User,Global,,
Resident Services & Amenities,Tenant Shield,Global,,
Student Housing,Student IQ,Global,,
Student Housing,Student IQ Admin,Global,,
System Administration & Support,Bluepoint-AppointmentManager,Global,,
System Administration & Support,Bluepoint-BluepointSupport,Global,,
System Administration & Support,Bluepoint-Receptionist,Global,,
System Administration & Support,Bluepoint-SiteAdministrator,Global,,
System Administration & Support,Bluepoint-SubscriptionAdministrator,Global,,
System Administration & Support,Bluepoint-TenantAdministrator,Global,,
System Administration & Support,IOT internal,Global,,
System Administration & Support,Message Channel System,Global,,
System Administration & Support,My Dashboard,Global,,
System Administration & Support,RightSourceAPI,Global,,
System Administration & Support,System Administration,Global,,
System Administration & Support,Virtuoso,Global,,
System Administration & Support,Voyager Admin,Global,,
System Administration & Support,zArchive_CQ2,Global,,
Utilities & Specialized Services,Parking Manager,Global,,
Utilities & Specialized Services,Storage Manager,Global,,
Utilities & Specialized Services,Yes Utility Account Manager,Global,,
Utilities & Specialized Services,Yes Utility Billing Operator,Global,,
